Mean Return (Ann.),Std Dev (Ann.),Sharpe Ratio,Information Ratio
0.22841915632230592,0.13488540611448124,1.3227461847939006,0.5987109596198855
0.23809312705595675,0.15116643602496835,1.2442783729113598,0.6692193559871168
0.21711007237862234,0.19261897476836828,0.8675680710043163,1.8987211888334006
-0.18992386591805943,0.17638590396143558,-1.3602213132094476,-0.9178200785060626
0.11253545053992853,0.17161503188692062,0.36439378213170714,
