Portfolio,Violations,Total Windows,Violation Rate (%)
GMV,13,54,24.074074074074073
MV,10,54,18.51851851851852
EW,12,54,22.22222222222222
Active,12,54,22.22222222222222
